{"cameraMode":{"drawMode":0,"name":"Shaded","section":"Shading Mode"},"sceneLighting":false,"audioPlay":false,"sceneViewState":{"showFog":true,"showMaterialUpdate":false,"showSkybox":false,"showFlares":true,"showImageEffects":true,"showParticleSystems":true,"showVisualEffectGraphs":true,"m_FxEnabled":true},"in2DMode":false,"pivot":{"x":-0.18996424973011018,"y":0.11893558502197266,"z":0.08325159549713135},"rotation":{"x":-0.3180679976940155,"y":0.05740318074822426,"z":-0.019297678023576738,"w":-0.9461276531219482},"size":1.1604740619659424,"orthographic":false}