{"cameraMode":{"drawMode":0,"name":"Shaded","section":"Shading Mode"},"sceneLighting":false,"audioPlay":false,"sceneViewState":{"showFog":true,"showMaterialUpdate":false,"showSkybox":false,"showFlares":true,"showImageEffects":true,"showParticleSystems":true,"showVisualEffectGraphs":true,"m_FxEnabled":true},"in2DMode":false,"pivot":{"x":0.44948387145996096,"y":1.0470147132873536,"z":1.0296066999435425},"rotation":{"x":-0.34973758459091189,"y":0.008991115726530552,"z":-0.0033565815538167955,"w":-0.936795711517334},"size":2.6604738235473635,"orthographic":false}